No,store,address,phone,address2,경도,위도,상태
1,학동역 DT점,서울시 강남구 학동로 211 1층  ,02-3444-9973,서울특별시 강남구 학동로 211 1층,127.032052480207,37.5146783674783,정좌표
2,차병원점,서울시 강남구 논현로 566 강남차병원1층  ,02-538-7615,서울특별시 강남구 논현로 566 강남차병원1층,127.034824313484,37.5064397339232,정좌표
3,강남대로점,서울시 서초구 강남대로 369 1층  ,02-588-5778,서울특별시 서초구 강남대로 369 1층,127.028216662926,37.4956614022321,정좌표
4,메가박스점,서울 강남구 삼성동 159 코엑스몰 지하2층  ,02-6002-3320,서울특별시 강남구 삼성동 159 코엑스몰 지하2층,127.058794970892,37.5125118333676,정좌표
5,압구정에스점,서울시 강남구 압구정로 46길 3  ,02-541-5832,서울특별시 강남구 압구정로 46길 3,127.036904860838,37.5282787593524,정좌표
6,강남에스점,서울시 서초구 서초 1306-3호  ,02-593-5095,서울특별시 서초구 서초 1306-3호,127.013501345624,37.4768809947035,인근좌표
7,청담에스점,"서울시 강남구 압구정로 461 네이처포엠빌딩B108,109호  ",02-548-6052,"서울특별시 강남구 압구정로 461 네이처포엠빌딩B108,109호",127.047232824336,37.5252552798862,정좌표
8,신사점,서울시 강남구 도산대로 126  ,02-548-2741,서울특별시 강남구 도산대로 126,127.022411135765,37.516968700505,정좌표
9,압구정역점,서울시 강남구 논현로 842 압구정빌딩1층  ,02-544-6823,서울특별시 강남구 논현로 842 압구정빌딩1층,127.02873118599,37.5240392622953,정좌표
10,역삼점,"서울시 강남구 논현로 512  지상1,2층  ",02-569-8051,"서울특별시 강남구 논현로 512 지상1,2층",127.036521295531,37.5023497311026,정좌표
11,양재스포타임점,서울시 서초구 강남대로 213 24호 지하1층  ,02-578-6833,서울특별시 서초구 강남대로 213 24호 지하1층,127.035612103466,37.4823426363184,정좌표
12,청담성당점,서울시 강남구 삼성로 716 LEE76빌딩2층  ,02-542-2053,서울특별시 강남구 삼성로 716 LEE76빌딩2층,127.050032054961,37.5198984032308,정좌표
13,영동점,서울 서초구 반포동 736-17 P빌딩 2층  ,02-3443-2096,서울특별시 서초구 반포동 736-17 P빌딩 2층,127.022799337832,37.5068422387096,정좌표
14,도곡점,"서울시 강남구 언주로 30길 10,112 현대비젼21 112호  ",02-572-2781,"서울특별시 강남구 언주로 30길 10,112 현대비젼21 112호",127.051554393149,37.4873391776634,정좌표
15,영동고앞점,"서울시 강남구 선릉로 749 1,2층  ",02-544-3794,"서울특별시 강남구 선릉로 749 1,2층",127.039475588842,37.5214576204062,정좌표
16,공항터미널앞점,서울시 강남구 테헤란로 87길 17 1층  ,02-539-5174,서울특별시 강남구 테헤란로 87길 17 1층,127.058342500333,37.5087428437294,정좌표
17,교대점,서울시 서초구 서초중앙로 118  1층  ,02-585-3981,서울특별시 서초구 서초중앙로 118 1층,127.014229855508,37.4923913712568,정좌표
18,대치한티점,서울시 강남구 선릉로 64길 23 1층  ,02-557-0510,서울특별시 강남구 선릉로 64길 23 1층,127.054171517116,37.4982961074544,정좌표
19,압구정시티점,"서울시 강남구 도산대로49길 13 1층 17,18호  ",02-543-5922,"서울특별시 강남구 도산대로49길 13 1층 17,18호",127.036960497339,37.5237417365894,정좌표
20,압구정로데오점,서울시 강남구 선릉로 157길 12 석전빌딩 1~4층  ,02-3445-5093,서울특별시 강남구 선릉로 157길 12 석전빌딩 1~4층,127.039012658388,37.5261147403725,정좌표
21,서초우성점,서울시 서초구 강남대로 51길 1 511 TOWER  1층  ,02-582-0158,서울특별시 서초구 강남대로 51길 1 511 TOWER 1층,127.030262676608,37.4912878654934,정좌표
22,논현팍스타워점,서울시 강남구 논현 231-13호 팍스타워지하1층  ,02-513-3870,서울특별시 강남구 논현 231-13호 팍스타워지하1층,127.06235572781,37.4960708164601,인근좌표
23,삼성오크우드점,서울 강남구 영동대로 513 컨벤션별관A동 지하 2층  ,02-3466-8507,서울특별시 강남구 영동대로 513 컨벤션별관A동 지하 2층,127.059158839911,37.5118240312473,정좌표
24,트레이드타워점,서울시 강남구 영동대로 511 트레이드타워 지하1층  ,02-6002-6470,서울특별시 강남구 영동대로 511 트레이드타워 지하1층,127.061023127488,37.5103560822663,정좌표
25,삼성봉은사거리점,"서울시 강남구 영동대로 607 1,2층  ",02-3443-5618,"서울특별시 강남구 영동대로 607 1,2층",127.059489346185,37.514551871354,정좌표
26,대치포스코뒷점,서울시 강남구 삼성로 85길 11 롯데캐슬아파트생활편익시설동  ,02-3453-8077,서울특별시 강남구 삼성로 85길 11 롯데캐슬아파트생활편익시설동,127.0563005564,37.5049786892454,정좌표
27,반포엘루체점,서울시 서초구 신반포로 23 1141호 엘루체백화점내1층1013~1015호  ,02-3477-5571,서울특별시 서초구 신반포로 23 1141호 엘루체백화점내1층1013~1015호,126.987232168274,37.5017482910184,정좌표
28,잠실신천점,서울시 송파구 석촌호수로 118 1층  ,02-416-9520,서울특별시 송파구 석촌호수로 118 1층,127.090021683082,37.5074374038961,정좌표
29,서초지파이브점,"서울시 서초구 서초동 1685-8호 101~2호,113~4호,121호  ",02-3477-5580,"서울특별시 서초구 서초동 1685-8호 101~2호,113~4호,121호",127.016441592039,37.495396193257,정좌표
30,논현동수면센터점,서울시 강남구 논현로 717 1층  ,02-3443-5575,서울특별시 강남구 논현로 717 1층,127.029537315387,37.5159618224913,정좌표
31,삼성전자강남사옥점,서울시 서초구 서초대로74길 11 지하2층  ,02-2055-1142,서울특별시 서초구 서초대로74길 11 지하2층,127.026914524086,37.496633087961,정좌표
32,삼성생명강남사옥점,서울시 서초구 서초대로74길 4 삼성생명보험서초타워내지하1층  ,02-581-5562,서울특별시 서초구 서초대로74길 4 삼성생명보험서초타워내지하1층,127.025703343131,37.4967442363015,정좌표
33,방배카페골목점,서울특별시 서초구 방배중앙로 187  ,02-592-7794,서울특별시 서초구 방배중앙로 187,126.985531307483,37.4957085615249,정좌표
34,역삼포스틸타워뒷점,서울시 강남구 테헤란로 20길 10 쓰리엠타워1층  ,02-554-9962,서울특별시 강남구 테헤란로 20길 10 쓰리엠타워1층,127.034141642198,37.4990864652918,정좌표
35,테헤란로하이닉스뒷점,서울시 강남구 테헤란로 70길 12 1층  ,02-538-9927,서울특별시 강남구 테헤란로 70길 12 1층,127.053159458023,37.5047426810061,정좌표
36,삼성봉은사로점,서울시 강남구 봉은사로 628 엘슨빌딩1층  ,02-538-4523,서울특별시 강남구 봉은사로 628 엘슨빌딩1층,127.064166929147,37.5146728799944,정좌표
37,방이점,서울시 송파구 오금로 11길 7  ,02-415-5561,서울특별시 송파구 오금로 11길 7,127.107967496018,37.5145559714117,정좌표
38,매봉역점,서울시 강남구 논현로 38길 42 418호  ,02-529-9947,서울특별시 강남구 논현로 38길 42 418호,127.045053218148,37.4855746946515,정좌표
39,남부터미널역점,서울시 서초구 서초중앙로 43 로얄타워1층  ,02-523-3671,서울특별시 서초구 서초중앙로 43 로얄타워1층,127.015577144311,37.4855386360699,정좌표
40,강남역랭기지타워점,서울시 강남구 테헤란로4길 28 826-28호 1층  ,02-563-3655,서울특별시 강남구 테헤란로4길 28 826-28호 1층,127.030094133482,37.4965229231532,정좌표
41,도심공항타워점,서울시 강남구 테헤란로87길 36 공항타워 1층  ,02-2016-5330,서울특별시 강남구 테헤란로87길 36 공항타워 1층,127.058597497443,37.5102343730098,정좌표
42,청담카페점,"서울시 강남구 도산대로 67길 7,파크빌딩 1층  ",02-514-5622,"서울특별시 강남구 도산대로 67길 7,파크빌딩 1층",127.044386967268,37.5244882785778,정좌표
43,동부이촌동점,서울시 용산구 이촌로 303 현대아파트상가11동102호  ,02-792-3677,서울특별시 용산구 이촌로 303 현대아파트상가11동102호,126.97951342344,37.5183523827614,정좌표
44,광화문점,서울 종로구 서린동 136 센트리얼빌딩 1층  ,02-3210-2326,서울특별시 종로구 서린동 136 센트리얼빌딩 1층,126.978835655828,37.5697756151341,정좌표
45,대학로점,서울시 종로구 대학로 10길 5 1-60호  ,02-762-3146,서울특별시 종로구 대학로 10길 5 1-60호,127.002580315443,37.5818617664211,정좌표
46,경희궁의아침점,서울시 종로구 새문안로3길 23 경희궁아침상가4단지105외  ,02-730-8896,서울특별시 종로구 새문안로3길 23 경희궁아침상가4단지105외,126.972244210421,37.5725476713753,정좌표
47,홍대역점,서울시 마포구 홍익로 6길 26  ,02-333-4278,서울특별시 마포구 홍익로 6길 26,126.923264448377,37.5554689775625,정좌표
48,순화점,서울시 중구 순화202  1-94 프레이저플레이스레지던스1층  ,02-2220-8198,서울특별시 중구 순화202 1-94 프레이저플레이스레지던스1층,126.992983330103,37.5578666138225,인근좌표
49,종로관철동점,"서울시 종로구 청계천로 83 11-4호 지하1,지상1~3층  ",02-738-5333,"서울특별시 종로구 청계천로 83 11-4호 지하1,지상1~3층",126.986732560751,37.5684833866888,정좌표
50,소공동삼화빌딩점,서울 중구 남대문로7길 16 한컴빌딩 1층  ,02-753-8004,서울특별시 중구 남대문로7길 16 한컴빌딩 1층,126.981162933563,37.5641652037186,정좌표
51,강변테크노마트점,서울시 광진구 광나루로56길 85 테크노마트9층35호  ,02-3424-5480,서울특별시 광진구 광나루로56길 85 테크노마트9층35호,127.095691814388,37.5357246009999,정좌표
52,외대앞점,서울시 동대문구 이문로 106 1~3층  ,02-959-7750,서울특별시 동대문구 이문로 106 1~3층,127.06021707657,37.5960671177123,정좌표
53,고대안암역점,서울시 성북구 개운사길8 101-3 1층  ,02-953-6652,서울특별시 성북구 개운사길8 101-3 1층,127.029573440743,37.5869873360998,정좌표
54,순화동라마다호텔점,서울시 중구 칠패로 27 151호  ,02-3789-3347,서울특별시 중구 칠패로 27 151호,126.972035748719,37.5602669735527,정좌표
55,왕십리민자역사점,서울시 성동구 왕십리 광장로 17 왕십리민자역사ENTER6내1층  ,02-2200-6120,서울특별시 성동구 왕십리 광장로 17 왕십리민자역사ENTER6내1층,127.038394538982,37.5614419137754,정좌표
56,세종문화회관옆점,서울 종로구 새문안로 9길 25 1층  ,02-720-5561,서울특별시 종로구 새문안로 9길 25 1층,126.975481453415,37.5713508707712,정좌표
57,신촌점,서울시 서대문구 창천 18-26호 B1  ,02-363-5572,서울특별시 서대문구 창천 18-26호 B1,126.93309203041,37.5828087702387,인근좌표
58,건대스타시티점,서울시 광진구 자양동 227-342호 롯데백화점 옆 더클래식500건물 1층  ,02-444-9861,서울특별시 광진구 자양동 227-342호 롯데백화점 옆 더클래식500건물 1층,127.071111872461,37.5387794377982,정좌표
59,하나은행경복궁역점,"서울시 종로구 사직로 130,1 현대적선빌딩1층  ",02-733-5108,"서울특별시 종로구 사직로 130,1 현대적선빌딩1층",126.97306310829,37.5758614305055,정좌표
60,중계동은행사거리점,서울시 노원구 한글비석로 263 1층  ,02-931-3055,서울특별시 노원구 한글비석로 263 1층,127.076470736359,37.6512097887751,정좌표
61,서울스퀘어점,서울시 중구 한강대로 416 지하1층  ,02-6456-8907,서울특별시 중구 한강대로 416 지하1층,126.973751345556,37.5555042489618,정좌표
62,목동점,서울시 양천구 목동동로 293 현대41타워1층  ,02-2654-5981,서울특별시 양천구 목동동로 293 현대41타워1층,126.875771750531,37.5281780301864,정좌표
63,여의도34번지점,서울 영등포구 국제금융로 52 심팩빌딩 1층  ,02-783-2043,서울특별시 영등포구 국제금융로 52 심팩빌딩 1층,126.929505974683,37.5227285022854,정좌표
64,여의도교보증권점,서울시 영등포구 의사당대로 97 26-4 교보증권빌딩1층  ,02-783-6058,서울특별시 영등포구 의사당대로 97 26-4 교보증권빌딩1층,126.924586233201,37.5225165232988,정좌표
65,시흥홈플러스점,서울시 금천구 시흥대로 201 1층  ,02-803-9994,서울특별시 금천구 시흥대로 201 1층,126.900794779167,37.4519042630777,정좌표
66,여의도순복음교회옆점,서울시 영등포구 여의서로 43 한서리버파크2층  ,02-780-7758,서울특별시 영등포구 여의서로 43 한서리버파크2층,126.924842879708,37.5307290789004,정좌표
67,부산광복동점,부산광역시 중구 창선동 2가 8-2  ,051-243-9105,부산광역시 중구 창선동 2가 8-2,129.029010934498,35.0994728757799,정좌표
68,인천구월동점,"인천광역시 남동구 예술로 138 지상1,2층  ",032-421-3418,"인천광역시 남동구 예술로 138 지상1,2층",126.701006330338,37.4462416075454,정좌표
69,대전탄방동점,대전시 서구 문정로76 1층  ,042-471-9805,대전광역시 서구 문정로76 1층,127.387695912515,36.3464182724971,정좌표
70,일산라페스타점,경기도 고양시 일산동구 장항동 764 라페스타C동  ,031-907-2326,경기도 고양시 일산동구 장항동 764 라페스타C동,126.768558748093,37.6615546739523,정좌표
71,일산웨스턴돔1호점,경기도 고양시 일산동구 정발산로 24 I동103~203호  ,031-931-5573,경기도 고양시 일산동구 정발산로 24 I동103~203호,126.772656200665,37.6548247788486,정좌표
72,분당서현점,"경기도 성남시 분당구 분당로53번길 11 1층2,3호  ",031-705-8926,"경기도 성남시 분당구 분당로53번길 11 1층2,3호",127.121552811583,37.3840673217881,정좌표
73,분당플라자점,경기도 성남시 분당구 황새울로 326 서현빌딩상가내2층  ,031-705-3188,경기도 성남시 분당구 황새울로 326 서현빌딩상가내2층,127.121865882334,37.3851307788035,정좌표
74,분당차병원점,"경기도 성남시 분당구 야탑로65번길 16, 분당차병원 신관동 1층 101호(야탑동)  ",031-781-0471,"경기도 성남시 분당구 야탑로65번길 16, 분당차병원 신관동 1층 101호(야탑동)",127.126361017394,37.4110214422359,정좌표
75,분당수내점,경기도 성남시 분당구 황새울로 214번길8 MSPlaza내1층  ,031-713-9937,경기도 성남시 분당구 황새울로 214번길8 MSPlaza내1층,127.112312191564,37.3781321825712,정좌표
76,동탄라마다호텔점,경기도 화성시 노작로 199 동탄라마다호텔107호~111호  ,031-8003-8374,경기도 화성시 노작로 199 동탄라마다호텔107호~111호,127.074679439672,37.2058415033267,정좌표
77,일산킨텍스현대백화점점,경기도 고양시 일산서구 대화동 2602 현대백화점킨텍스점 5F  ,031-822-3575,경기도 고양시 일산서구 대화동 2602 현대백화점킨텍스점 5F,126.751474109321,37.6679086334302,정좌표
78,창원상남동점,경남 창원시 성산구 중앙대로 104 마이우스오피스텔 123호 207호  ,055-211-0737,경상남도 창원시 성산구 중앙대로 104 마이우스오피스텔 123호 207호,128.680811197456,35.2234918621337,정좌표
79,청주지웰시티점,"충북 청주시 흥덕구 대농로 17 지웰시티몰 1층 124-1,125,126호  ",043-238-3151,"충청북도 청주시 흥덕구 대농로 17 지웰시티몰 1층 124-1,125,126호",127.424201730108,36.6445005678907,정좌표
80,무교CBTL점,서울 중구 세종대로 136 파이낸스빌딩 지하2층  ,070-4140-7003,서울특별시 중구 세종대로 136 파이낸스빌딩 지하2층,126.978256472265,37.5684236973432,정좌표
81,국기원사거리점,서울시 강남구 테헤란로 8길 42 1층  ,02-552-7106 ,서울특별시 강남구 테헤란로 8길 42 1층,127.032175146857,37.4961582901781,정좌표
82,무교점,"서울시 중구 태평로1 84호 SFC빌딩B1,1-4  ",02-753-2374,"서울특별시 중구 태평로1 84호 SFC빌딩B1,1-4",127.391330577636,36.3171722142814,정좌표
83,남대문점,서울시 중구 후암로110 581호 서울시티타워1층  ,02-777-4217,서울특별시 중구 후암로110 581호 서울시티타워1층,126.974048489678,37.554303444618,정좌표
84,올림픽플라자점,서울시 송파구 양재대로 1222 올림픽선수A 1층212~3호  ,02-402-3571,서울특별시 송파구 양재대로 1222 올림픽선수A 1층212~3호,127.132262982668,37.515680769801,정좌표
85,대학로마로니에점,"서울시 종로구 대학로 12길 62 지하1층,지상1,2층  ",02-742-3318,"서울특별시 종로구 대학로 12길 62 지하1층,지상1,2층",127.003704637195,37.5813989710336,정좌표
86,여의도역점,서울시 영등포구 의사당대로 108 아일렉스상가 1층 101호  ,02-784-5531,서울특별시 영등포구 의사당대로 108 아일렉스상가 1층 101호,126.923992331027,37.521015041316,정좌표
87,인사점,서울시 종로구 낙원동 272 오라카이스위츠 1층  ,02-6262-8100,서울특별시 종로구 낙원동 272 오라카이스위츠 1층,126.987308906976,37.5729974088411,정좌표
88,테헤란로비젼타워점,서울시 강남구 테헤란로 312 707-2번지1층  ,02-558-7101,서울특별시 강남구 테헤란로 312 707-2번지1층,127.045043361511,37.5029337708928,정좌표
89,서울대입구역점,"서울시 관악구 관악로 161 층일부 2,3층  ",02-882-3101,"서울특별시 관악구 관악로 161 층일부 2,3층",126.95218448711,37.4796080235533,정좌표
90,코엑스인터점,서울시 강남구 봉은사로 524 코엑스 인터컨티넨탈아케이드  ,02-569-3103,서울특별시 강남구 봉은사로 524 코엑스 인터컨티넨탈아케이드,127.057114084867,37.5129441608802,정좌표
91,뉴압구정점,서울시 강남구 논현로 167길 9 낙산프라자 1층  ,02-545-3181,서울특별시 강남구 논현로 167길 9 낙산프라자 1층,127.027426622336,37.524420550517,정좌표
92,디큐브시티점,서울시 구로구 경인로 662 디큐브시티 4층  ,02-2210-9484,서울특별시 구로구 경인로 662 디큐브시티 4층,126.888213650352,37.5081239144968,정좌표
93,삼청동점,서울시 종로구 삼청로 109  ,02-730-5177,서울특별시 종로구 삼청로 109,126.981774882318,37.5851342741129,정좌표
94,충무로극동빌딩점,서울시 중구 퇴계로 173 남산스퀘어 1층  ,02-2273-3181,서울특별시 중구 퇴계로 173 남산스퀘어 1층,126.99105893207,37.5618264672695,정좌표
95,현대자동차여의도점,서울시 영등포구 국제금융로 20 1층  ,02-783-3391,서울특별시 영등포구 국제금융로 20 1층,126.927296852199,37.5248867322232,정좌표
96,포스코사거리점,서울시 강남구 테헤란로 439  ,02-508-7522 ,서울특별시 강남구 테헤란로 439,127.055187160389,37.5068291374803,정좌표
97,선릉로93길점,서울시 강남구 선릉로93길 6(역삼동) 1층  ,02-552-3177,서울특별시 강남구 선릉로93길 6(역삼동) 1층,127.04789977893,37.5056859496249,정좌표
98,강남역먹자골목점,서울시 강남구 테헤란로1길 29 1층일부 및 2.3층  ,02-552-6311,서울특별시 강남구 테헤란로1길 29 1층일부 및 2.3층,127.027287864031,37.5001069774915,정좌표
99,삼성로점,"서울시 강남구 삼성로 551 1층,2층  ",02-552-9311 ,"서울특별시 강남구 삼성로 551 1층,2층",127.05415001098,37.510710081216,정좌표
100,선릉로86길점,서울시 강남구 선릉로86길 11  ,02-2051-8875,서울특별시 강남구 선릉로86길 11,127.050587148513,37.503404590073,정좌표
101,안국역점,"서울시 종로구 율곡로 47 1,2층  ",02-722-3356 ,"서울특별시 종로구 율곡로 47 1,2층",126.984586388974,37.5763359379244,정좌표
102,뉴교보타워옆점,"서울시 서초구 강남대로 449-3 알고코리아빌딩 1,2층  ",02-591-5177,"서울특별시 서초구 강남대로 449-3 알고코리아빌딩 1,2층",127.024882913173,37.5023609106001,정좌표
103,IFC MALL2호점,서울시 영등포구 국제금융로10 IFC B2층  ,02-6137-5054  ,서울특별시 영등포구 국제금융로10 IFC B2층,126.924876307992,37.5251769222148,정좌표
104,상암SBS미디어센터점,서울시 마포구 상암산로 82 SBS프리즘타워 1층  ,02-2039-9027 ,서울특별시 마포구 상암산로 82 SBS프리즘타워 1층,126.892773578356,37.5797154609033,정좌표
105,마리오아울렛점,서울시 금천구 디지털로9길 23 마리오-2관 패션타워3층  ,02-857-5501  ,서울특별시 금천구 디지털로9길 23 마리오-2관 패션타워3층,126.886477005838,37.4787205761734,정좌표
106,삼성금융플라자점,서울 강남구 테헤란로 419 삼성금융플라자1층  ,02-554-7591,서울특별시 강남구 테헤란로 419 삼성금융플라자1층,127.052180422247,37.5058701786087,정좌표
107,현대자동차남양연구소점,경기도 화성시 장덕동 현대연구소로150 현대자동차남양연구소 설계1동1F  ,031-357-8103 ,경기도 화성시 장덕동 현대연구소로150 현대자동차남양연구소 설계1동1F,126.90203117519,37.6987724256886,정좌표
108,이태원점,서울시 용산구 이태원로 189   ,02-794-3361,서울특별시 용산구 이태원로 189,126.994922855012,37.5348701565935,정좌표
109,뉴가로수길점,서울시 강남구 가로수길 83  ,02-544-7105,서울특별시 강남구 가로수길 83,127.022319084257,37.5235324489933,정좌표
110,서초뱅뱅사거리점,"서울시 서초구 강남대로 267 2,3층  ",02-523-8841 ,"서울특별시 서초구 강남대로 267 2,3층",127.032337237569,37.4871700283489,정좌표
111,현대자동차성내점,"서울시 강동구 천호대로 1096 1,2F  ",02-485-3361 ,"서울특별시 강동구 천호대로 1096 1,2F",127.13322900494,37.5351970918345,정좌표
112,수원인계점,경기도 수원시 팔달구 권광로 195 학산빌딩1층   ,031-233-5631,경기도 수원시 팔달구 권광로 195 학산빌딩1층,127.032685123269,37.2649469302803,정좌표
113,판교아브뉴프랑점,경기도 성남시 분당구 동판교로177번길 25  ,031-8016-8131,경기도 성남시 분당구 동판교로177번길 25,127.113562077843,37.3973210308099,정좌표
114,일산원마운트점,경기도 고양시 일산서구 한류월드로 300 원마운트스포츠몰 1층  ,031-961-6520,경기도 고양시 일산서구 한류월드로 300 원마운트스포츠몰 1층,126.754526495126,37.6645540407119,정좌표
115,남양연구소C1식당점,경기 화성시 장덕동 현대연구소로150 현대자동차남양연구소 C1구역식당1F  ,031-357-8172,경기도 화성시 장덕동 현대연구소로150 현대자동차남양연구소 C1구역식당1F,126.90203117519,37.6987724256886,정좌표
116,여의도교보증권카페점,서울시 영등포구 의사당대로 97 교보증권빌딩 2층  ,02-785-8845,서울특별시 영등포구 의사당대로 97 교보증권빌딩 2층,126.924586233201,37.5225165232988,정좌표
117,목동트라팰리스점,서울시 양천구 오목로 299 트라팰리스 이스턴에비뉴 1층  ,02-2643-7725,서울특별시 양천구 오목로 299 트라팰리스 이스턴에비뉴 1층,126.871156740687,37.5254292207945,정좌표
118,압구정현대아파트점,서울시 강남구 압구정로29길65 지하1층  ,02-518-3350,서울특별시 강남구 압구정로29길65 지하1층,127.027002952614,37.5318110419614,정좌표
119,역삼역4번출구점,서울시 강남구 테헤란로143 고운빌딩1층  ,02-508-1137,서울특별시 강남구 테헤란로143 고운빌딩1층,127.034898599569,37.5006205863929,정좌표
120,시청역7번출구점,서울시 중구 세종대로84 2층  ,02-754-8852,서울특별시 중구 세종대로84 2층,126.977179320115,37.5636631556404,정좌표
121,부평문화의거리점,"인천광역시 부평구 시장로29 1,2층  ",032-507-9901,"인천광역시 부평구 시장로29 1,2층",126.725615197669,37.4936732728416,정좌표
122,강남대로센터점,서울시 강남구 강남대로442 흥국화재빌딩 2층   ,02-565-3345,서울특별시 강남구 강남대로442 흥국화재빌딩 2층,127.026056469747,37.5020648416418,정좌표
123,구로G-ValleyMall,서울시 구로구 디지털로300 지밸리비즈플라자 2층  ,02-6344-3966,서울특별시 구로구 디지털로300 지밸리비즈플라자 2층,126.896538336268,37.4849264034815,정좌표
124,내방역7번출구유중아트점,서울시 서초구 방배로178 유중아트센터1층  ,02-592-8861,서울특별시 서초구 방배로178 유중아트센터1층,126.992842846351,37.4895433365524,정좌표
125,오리역애플플라자점,경기도 성남시 분당구 탄천상로151번길20 월드쇼핑 B동 1층  ,031-715-5638,경기도 성남시 분당구 탄천상로151번길20 월드쇼핑 B동 1층,127.106685859348,37.3416110413247,정좌표
126,도심공항점,서울시 강남구 테헤란로87길22 도심공항터미널 지하1층  ,02-551-6456 ,서울특별시 강남구 테헤란로87길22 도심공항터미널 지하1층,127.05944328574,37.5096324488702,정좌표
127,타임스퀘어점,서울시 영등포구 영중로15 타임스퀘어 1층  ,02-2635-8830,서울특별시 영등포구 영중로15 타임스퀘어 1층,126.904378385907,37.5168718599251,정좌표
128,차병원사거리점,서울시 강남구 봉은사로207 KJ타워1층  ,02-542-8813,서울특별시 강남구 봉은사로207 KJ타워1층,127.034662873275,37.5078407094537,정좌표
129,CBTL(커피빈)파르나스몰점,서울시 강남구 테헤란로521 파르나스몰 지하1층  ,02-538-2008 ,서울특별시 강남구 테헤란로521 파르나스몰 지하1층,127.0608071942,37.5091913556529,정좌표
130,광화문역1번출구점,서울시 종로구 새문안로5가길 7 1층 일부  ,02-723-3360,서울특별시 종로구 새문안로5가길 7 1층 일부,126.974038260547,37.5727708294215,정좌표
131,남양연구소PT동점,경기도 화성시 장덕동 현대연구소로150 현대자동차남양연구소 PT동 1층  ,031-355-1346,경기도 화성시 장덕동 현대연구소로150 현대자동차남양연구소 PT동 1층,126.90203117519,37.6987724256886,정좌표
132,현대프리미엄아울렛김포점,경기 김포시 고촌읍 전호리 654번지 현대프리미엄아울렛김포3층 618호  ,031-8048-2618,경기도 김포시 고촌읍 전호리 654번지 현대프리미엄아울렛김포3층 618호,126.785601632003,37.5993968359792,정좌표
133,여의도신영증권별관점,서울시 영등포구 국제금융로8길6 신영증권별관빌딩2층  ,02-782-1125,서울특별시 영등포구 국제금융로8길6 신영증권별관빌딩2층,126.929697585274,37.5218088772782,정좌표
134,이태원제일기획옆점,서울시 용산구 이태원로220(한남동) 1층  ,02-792-3560,서울특별시 용산구 이태원로220(한남동) 1층,126.998483631272,37.5348177308828,정좌표
135,강남역GT타워옆점,서울시 서초구 서초대로73길12 세계빌딩1층   ,02-592-0053,서울특별시 서초구 서초대로73길12 세계빌딩1층,127.025732252295,37.4985448168807,정좌표
136,광교아브뉴프랑점,"경기도 수원시 영통구 이의동 1332 광교아브뉴프랑 1층 A122,123호   ",031-216-9308,"경기도 수원시 영통구 이의동 1332 광교아브뉴프랑 1층 A122,123호",127.050495368487,37.2906635431337,정좌표
137,광장동대한제지점,서울시 광진구 아차산로563(광장동) 대한제지빌딩 로비층  ,02-458-8166,서울특별시 광진구 아차산로563(광장동) 대한제지빌딩 로비층,127.102930163025,37.5441340151473,정좌표
138,신천역점,서울시 송파구 올림픽로100 효창타워1층  ,02-417-8851,서울특별시 송파구 올림픽로100 효창타워1층,127.08168825632,37.5114158086053,정좌표
139,포항영일대점,경상북도 포항시 북구 삼호로265번길1 NB-City복합시설1층104호  ,054-241-3372,경상북도 포항시 북구 삼호로265번길1 NB-City복합시설1층104호,129.379657547041,36.0615414768566,정좌표
140,낙성대역점,"서울시 관악구 남부순환로1909 1,2층  ",02-875-3364,"서울특별시 관악구 남부순환로1909 1,2층",126.961606774184,37.4781121733392,정좌표
141,진주LH본사점,경상남도 진주시 충의로 19 LH진주사옥 홍보관1층  ,055-763-3520,경상남도 진주시 충의로 19 LH진주사옥 홍보관1층,128.14475823925,35.1790184757915,정좌표
142,인천공항탑승동130gate앞점,인천광역시 중구 공항로272 인천국제공항탑승동3층 FB-C5-57  ,032-743-7213 ,인천광역시 중구 공항로272 인천국제공항탑승동3층 FB-C5-57,126.449105797309,37.4575365974582,정좌표
143,인천공항탑승동105gate앞점,인천광역시 중구 공항로272 인천국제공항탑승동3층 FB-C5-68  ,032-743-7223,인천광역시 중구 공항로272 인천국제공항탑승동3층 FB-C5-68,126.449105797309,37.4575365974582,정좌표
144,경주미탐시티점,경상북도 경주시 엑스포로80(천군동)1층  ,054-777-5982,경상북도 경주시 엑스포로80(천군동)1층,129.289869035441,35.8345572839791,인근좌표
145,석촌호수점,서울시 송파구 석촌호수로 222 제이타워 1층  ,02-415-1235,서울특별시 송파구 석촌호수로 222 제이타워 1층,127.101553154162,37.5070689087952,정좌표
146,오목교역사거리점,"서울시 양천구 오목로 350 목동썬텍씨티빌딩 1층,2층  ",02-2653-8577 ,"서울특별시 양천구 오목로 350 목동썬텍씨티빌딩 1층,2층",126.876266495611,37.5241481901798,정좌표
147,을지로입구역점,"서울시 중구 남대문로10길 6 1,2층   ",02-752-3348,"서울특별시 중구 남대문로10길 6 1,2층",126.983250257788,37.5668818249642,정좌표
148,이천하이닉스점,경기 이천시 부발읍 하이닉스반도체  ,031-8094-7013,경기도 이천시 부발읍 하이닉스반도체,127.496852245741,37.2700664877128,인근좌표
149,송도홈플러스점,인천광역시 연수구 송도국제대로 165(송도동) 홈플러스송도점1층  ,032-822-5905,인천광역시 연수구 송도국제대로 165(송도동) 홈플러스송도점1층,126.656372012297,37.3802260428978,정좌표
150,올림픽공원북2문앞점,서울시 강동구 강동대로193 1층  ,02-471-2372,서울특별시 강동구 강동대로193 1층,127.128015068867,37.5245638777194,정좌표
151,고대참살이길점,"서울시 성북구 인촌로24길 25 (안암동5가) 2층,3층  ",02-923-7735,"서울특별시 성북구 인촌로24길 25 (안암동5가) 2층,3층",126.59744389554,35.5379610601319,인근좌표
152,삼성역글라스타워뒷점,서울시 강남구 영동대로85길 9 (대치동) 서전빌딩1층  ,02-552-3363,서울특별시 강남구 영동대로85길 9 (대치동) 서전빌딩1층,127.062897125681,37.5070899288338,정좌표
153,범계역로데오점,경기도 안양시 동안구 평촌대로 223번길 41(호계동 1045-9) 2층  ,031-476-9082,경기도 안양시 동안구 평촌대로 223번길 41(호계동 1045-9) 2층,126.953511465881,37.3904892823284,정좌표
154,포스코옆삼성로86길점,서울특별시 강남구 삼성로86길 11 거봉빌딩 1층  ,02-569-7501,서울특별시 강남구 삼성로86길 11 거봉빌딩 1층,127.05829351691,37.5058954491625,정좌표
155,상암한국지역정보개발원점,서울시 마포구 성암로301 KLID한국지역정보개발원 1층  ,02-376-9162,서울특별시 마포구 성암로301 KLID한국지역정보개발원 1층,126.887937754188,37.5824688690891,정좌표
156,판교알파돔시티점,경기도 성남시 분당구 판교역로145(백현동) 판교알파돔 C2-3블럭 1층  ,031-8017-8556,경기도 성남시 분당구 판교역로145(백현동) 판교알파돔 C2-3블럭 1층,127.109158765749,37.3941787797925,정좌표
157,대치동나무병원점,서울특별시 강남구 영동대로 225 나무병원1층 (대치동994-5)  ,02-562-9605,서울특별시 강남구 영동대로 225 나무병원1층 (대치동994-5),127.067631441999,37.4992576835937,정좌표
158,분당정자점,경기도 성남시 분당구 정자일로 227(정자동) 백궁지엔느주차전용빌딩 1층  ,031-786-1906,경기도 성남시 분당구 정자일로 227(정자동) 백궁지엔느주차전용빌딩 1층,127.10560367085,37.3707085878708,정좌표
159,신논현역점,서울특별시 강남구 봉은사로108 글라스톤빌딩1층  ,02-569-9061,서울특별시 강남구 봉은사로108 글라스톤빌딩1층,127.025592535635,37.5045348638019,정좌표
160,강서그랜드아이파크점,서울시 강서구 화곡6동 1095번지 1층  ,02-2699-7462,서울특별시 강서구 화곡6동 1095번지 1층,126.851224794171,37.5548423668596,정좌표
161,상암DDMC점,서울시 마포구 상암동 1610번지 DDMC 지하 1층  ,02-375-0994,서울특별시 마포구 상암동 1610번지 DDMC 지하 1층,126.892887984753,37.5784425695549,정좌표
162,연대동문회관점,"서울시 서대문구 대신동 50-5 1층,2층(B동)  ",02-362-8301,"서울특별시 서대문구 대신동 50-5 1층,2층(B동)",126.943223869669,37.5630824725288,정좌표
163,평촌점,"경기도 안양시 동안구 시민대로327번길 6, W 에이스타워 1층  ",031-426-9065,"경기도 안양시 동안구 시민대로327번길 6, W 에이스타워 1층",126.966964076463,37.3966496454668,정좌표
164,마두역점,경기도 고양시 일산동구 중앙로 1193 마두법조빌딩 1층  ,031-932-7018,경기도 고양시 일산동구 중앙로 1193 마두법조빌딩 1층,126.776627382486,37.6530938686696,정좌표
165,수원역점,"경기도 수원시 팔달구 매산로 11,  2층  ",031-248-9593,"경기도 수원시 팔달구 매산로 11, 2층",127.002725278192,37.2674456825952,정좌표
166,부천역점,경기도 부천시 부천로4 2층  ,032-668-7890,경기도 부천시 부천로4 2층,126.783490519661,37.4844672265398,정좌표
167,장안점,"서울시 동대문구 장안동 372-1, 1층 일부 및 2층 전체  ",02-2249-9826,"서울특별시 동대문구 장안동 372-1, 1층 일부 및 2층 전체",127.07047550954,37.5709384051131,정좌표
168,서초역1번출구점,서울시 서초구 서초대로 250 스타갤러리 브릿지 1층 101호  ,02-598-7741,서울특별시 서초구 서초대로 250 스타갤러리 브릿지 1층 101호,127.009173191691,37.4919738725936,정좌표
169,수원망포역점,경기도 수원시 영통구 영통로 214번길 8 1층  ,031-273-8751,경기도 수원시 영통구 영통로 214번길 8 1층,127.057576165155,37.2462315851233,정좌표
170,대치사거리점,서울시 강남구 삼성로 352 창진빌딩 1층 및 2층  ,02-569-9751,서울특별시 강남구 삼성로 352 창진빌딩 1층 및 2층,127.059072584606,37.5030444768878,정좌표
171,매헌역점,서울시 서초구 동산로 1  1층  ,02-2058-0921,서울특별시 서초구 동산로 1 1층,127.040136141619,37.46900213513,정좌표
172,문래동점,서울시 영등포구 문래동6가 5번지 1층  ,02-2069-3157,서울특별시 영등포구 문래동6가 5번지 1층,126.889018238124,37.5196355214307,정좌표
173,해운대점,부산시 해운대구 해운대 해변로277 다옴빌딩1층  ,051-746-8214,부산광역시 해운대구 해운대 해변로277 다옴빌딩1층,129.161555483453,35.159884080516,정좌표
174,역삼동태광타워점,서울시 강남구 역삼동 718-20  태광타워 1층  ,02-569-9867,서울특별시 강남구 역삼동 718-20 태광타워 1층,127.039860381248,37.5010114706509,정좌표
175,수지동천점,경기 용인시 수지구 손곡로 95 송란빌딩 1층  ,031-896-9044,경기도 용인시 수지구 손곡로 95 송란빌딩 1층,127.091808490387,37.3359641247666,정좌표
176,파주운정홈플러스점,경기도 파주시 청암로 17번길 17 1층  ,031-949-1408,경기도 파주시 청암로 17번길 17 1층,126.736760178062,37.7295684360737,정좌표
177,잠원논현역점,서울시 서초구 신반포로47길 5 건물전체 1~3층  ,02-541-7404,서울특별시 서초구 신반포로47길 5 건물전체 1~3층,127.019444656562,37.5109480470485,정좌표
178,천호역점,서울시 강동구 올림픽로 659 쌍용플래티넘리버 1층  ,02-488-5912,서울특별시 강동구 올림픽로 659 쌍용플래티넘리버 1층,127.123564721899,37.5403044094731,정좌표
179,강남대점,경기도 용인시 기흥구 강남로 3 강남앤플러스 1층  ,031-693-6312,경기도 용인시 기흥구 강남로 3 강남앤플러스 1층,127.126133171929,37.2710511837533,정좌표
180,홍대역8번출구점,서울시 마포구 양화로18안길 7 2층  ,02-338-9463,서울특별시 마포구 양화로18안길 7 2층,126.925092333671,37.556834418368,정좌표
181,산본역점,경기도 군포시 광정로58 1층 104호 및 2층  ,031-399-8812,경기도 군포시 광정로58 1층 104호 및 2층,126.930981452688,37.3585070922656,정좌표
182,안양1번가점,경기도 안양시 만안구 안양로304번길 12 세진빌딩 2층  ,031-468-9096,경기도 안양시 만안구 안양로304번길 12 세진빌딩 2층,126.921929611723,37.3994137484092,정좌표
183,원주AK플라자점,강원도 원주시 봉화로1 AK플라자원주점 1층  ,033-748-0631,강원도 원주시 봉화로1 AK플라자원주점 1층,127.927644206997,37.3456799379522,정좌표
184,송파파크하비오B1점,"서울특별시 송파구 송파대로 111, 송파 파크하비오 하비오길 극장로 203동 지하1층  ",02-449-6797,"서울특별시 송파구 송파대로 111, 송파 파크하비오 하비오길 극장로 203동 지하1층",127.124004886795,37.4814909041164,정좌표
185,화정중앙공원점,경기도 고양시 덕양구 화신로260번길 26 동민프라자 1층 103~107호  ,031-979-9402,경기도 고양시 덕양구 화신로260번길 26 동민프라자 1층 103~107호,126.832993314907,37.6317423265832,정좌표
186,강남역12번출구점,서울특별시 강남구 테헤란로 111 2층  ,02-569-5838,서울특별시 강남구 테헤란로 111 2층,127.029281773567,37.498881249763,정좌표
187,서초부띠크모나코점,서울특별시 서초구 서초대로 397 부띠크모나코 1층  ,02-537-4662,서울특별시 서초구 서초대로 397 부띠크모나코 1층,127.024516062642,37.497433509933,정좌표
188,송파파크하비오점,서울특별시 송파구 송파대로 111 송파파크하비오 205동 1층 110-113  ,02-449-6881,서울특별시 송파구 송파대로 111 송파파크하비오 205동 1층 110-113,127.124004886795,37.4814909041164,정좌표
189,문정역엠스테이트점,서울 송파구 문정동 643-1번지 엠스테이트 B동 지하1층  ,02-6177-9080,서울특별시 송파구 문정동 643-1번지 엠스테이트 B동 지하1층,127.115462655689,37.4817679189959,인근좌표
190,상봉역점,서울특별시 중랑구 망우로 291 1층  ,02-493-8902,서울특별시 중랑구 망우로 291 1층,127.084790231436,37.5964445532951,정좌표
191,강동경희대병원앞점,서울특별시 강동구 동남로 885 양지빌딩 1층  ,02-481-9938,서울특별시 강동구 동남로 885 양지빌딩 1층,127.155976579767,37.5526537835096,정좌표
192,노원역점,"서울시 노원구 노해로 490, 길빌딩 2층  ",02-952-9577,"서울특별시 노원구 노해로 490, 길빌딩 2층",127.062413341142,37.6544133885747,정좌표
193,합정역점,"서울시 마포구 독막로 13, 2층  ",02-338-9178,"서울특별시 마포구 독막로 13, 2층",126.915065069999,37.548812757592,정좌표
194,종각역점,서울시 종로구 종로 70 2층  ,02-739-6268,서울특별시 종로구 종로 70 2층,126.985172068569,37.5699153213727,정좌표
195,평택소사점,"경기도 평택시 평남로 862, 로이드빌딩 1층  ",031-692-2405,"경기도 평택시 평남로 862, 로이드빌딩 1층",127.111502119513,37.000468754791,정좌표
196,몽촌토성역점,"서울시 송파구 방이동 44-2, 장은빌딩 1층  ",02-2141-0407,"서울특별시 송파구 방이동 44-2, 장은빌딩 1층",127.11275694757,37.5169218823885,정좌표
197,도곡동지오빌딩점,"서울특별시 강남구 도곡동 543-1, 지오빌딩 B1층  ",02-2058-3027,"서울특별시 강남구 도곡동 543-1, 지오빌딩 B1층",127.041650859995,37.4922289032586,정좌표
198,강북구청앞점,"서울특별시 강북구 한천로 139길 25, 1층 일부 및 2층 (수유동 191-70)  ",02-994-8878,"서울특별시 강북구 한천로 139길 25, 1층 일부 및 2층 (수유동 191-70)",127.02572501599,37.6390954281433,정좌표
199,송도트리플스트리트점," 인천 연수구 송도과학로 16번길 33-4 D동 119호,207호  ",032-310-9644,"인천광역시 연수구 송도과학로 16번길 33-4 D동 119호,207호",126.662841764786,37.3786608403105,정좌표
200,구의삼성쉐르빌점,서울특별시 광진구 구의강변로 106 삼성쉐르빌 1층  ,02-2201-8953,서울특별시 광진구 구의강변로 106 삼성쉐르빌 1층,127.094897658169,37.5398580173538,정좌표
201,여의도SK증권빌딩점,서울특별시 영등포구 국제금융로8길31 여의도SK증권빌딩점 1층  ,02-6484-5150,서울특별시 영등포구 국제금융로8길31 여의도SK증권빌딩점 1층,126.928066753469,37.5197470807954,정좌표
202,현대시티몰가든파이브점,서울특별시 송파구 충민로 66 가든파이브 라이프동 테크노관 1층  ,02-2673-2110,서울특별시 송파구 충민로 66 가든파이브 라이프동 테크노관 1층,127.124961628285,37.4776147414788,정좌표
203,합정푸르지오점,"서울특별시 마포구 월드컵로 3길14, 푸르지오2차 227,.228.229호  ",02-338-7684,"서울특별시 마포구 월드컵로 3길14, 푸르지오2차 227,.228.229호",126.912343383537,37.5510356647323,정좌표
204,위례2차아이파크점,서울시 송파구 위례광장로 230 위례2차 아이파크 B동 1층  ,02-449-9703,서울특별시 송파구 위례광장로 230 위례2차 아이파크 B동 1층,127.143401813984,37.4794294960955,정좌표
205,혜화역1번출구점,서울특별시 종로구 대학로 128 2층  ,02-766-7937,서울특별시 종로구 대학로 128 2층,127.002162654007,37.582714120461,정좌표
206,한성대입구역점,서울특별시 성북구 삼선교로 12 1층  ,02-766-7951,서울특별시 성북구 삼선교로 12 1층,127.007140814724,37.5875887539324,정좌표
207,한티역디마크빌딩점,서울특별시 강남구 도곡로 408 디마크빌딩 1층  ,02-2052-6590,서울특별시 강남구 도곡로 408 디마크빌딩 1층,127.055232859062,37.4966214153821,정좌표
